timestamp,open,high,low,close,volume,turnover
2025-08-14 00:00:00,0.24472,0.24491,0.24458,0.24473,134622.0,32947.55236
2025-08-14 00:01:00,0.24473,0.24507,0.24454,0.245,84518.0,20695.04191
2025-08-14 00:02:00,0.245,0.24527,0.24494,0.24513,76565.6,18765.951604
2025-08-14 00:03:00,0.24513,0.24519,0.24495,0.24506,88485.0,21683.58202
2025-08-14 00:04:00,0.24506,0.24528,0.24496,0.24515,51163.0,12541.24798
2025-08-14 00:05:00,0.24515,0.24571,0.24515,0.24563,93160.0,22876.04808
2025-08-14 00:06:00,0.24563,0.24597,0.24543,0.24589,1137641.0,279599.99898
2025-08-14 00:07:00,0.24589,0.24597,0.24531,0.24531,237528.0,58345.25707
2025-08-14 00:08:00,0.24531,0.24564,0.24531,0.24564,36916.0,9065.05409
2025-08-14 00:09:00,0.24564,0.24592,0.24564,0.24579,21186.0,5206.77318
2025-08-14 00:10:00,0.24579,0.24581,0.2456,0.24571,15632.0,3840.52612
2025-08-14 00:11:00,0.24571,0.24571,0.24543,0.24546,54047.0,13272.90323
2025-08-14 00:12:00,0.24546,0.24547,0.24516,0.24546,191686.0,47015.04788
2025-08-14 00:13:00,0.24546,0.24571,0.24546,0.24565,76507.0,18794.6106
2025-08-14 00:14:00,0.24565,0.24574,0.24556,0.24574,81054.0,19913.47729
2025-08-14 00:15:00,0.24574,0.24623,0.24553,0.24617,60316.7,14839.428756
2025-08-14 00:16:00,0.24617,0.24617,0.24537,0.24554,65571.0,16106.49942
2025-08-14 00:17:00,0.24554,0.24562,0.24511,0.24534,59910.5,14693.70801
2025-08-14 00:18:00,0.24534,0.24608,0.24534,0.24607,113620.4,27921.207938
2025-08-14 00:19:00,0.24607,0.24647,0.24607,0.24647,185342.4,45644.647624
2025-08-14 00:20:00,0.24647,0.24666,0.24614,0.24637,1015752.7,250191.054434
2025-08-14 00:21:00,0.24637,0.2465,0.24633,0.24649,81293.0,20031.28516
2025-08-14 00:22:00,0.24649,0.24666,0.24629,0.24637,117425.0,28938.44298
2025-08-14 00:23:00,0.24637,0.24646,0.24617,0.24617,152703.0,37613.41954
2025-08-14 00:24:00,0.24617,0.24641,0.2457,0.24573,154255.0,37961.83584
2025-08-14 00:25:00,0.24573,0.24582,0.24542,0.24582,231058.0,56733.29113
2025-08-14 00:26:00,0.24582,0.24608,0.24578,0.24585,10697.0,2630.76889
2025-08-14 00:27:00,0.24585,0.24623,0.24585,0.24623,134587.0,33116.67511
2025-08-14 00:28:00,0.24623,0.24641,0.24617,0.2463,58514.0,14409.78459
2025-08-14 00:29:00,0.2463,0.24668,0.24617,0.24668,92874.6,22885.589724
2025-08-14 00:30:00,0.24668,0.24712,0.24634,0.2471,390686.4,96400.294673
2025-08-14 00:31:00,0.2471,0.24753,0.24678,0.24753,323403.1,79930.109155
2025-08-14 00:32:00,0.24753,0.24771,0.24696,0.24746,516812.6,127855.630352
2025-08-14 00:33:00,0.24746,0.24761,0.2473,0.2473,88102.0,21800.21127
2025-08-14 00:34:00,0.2473,0.24744,0.24702,0.24707,267353.0,66129.27765
2025-08-14 00:35:00,0.24707,0.24714,0.24552,0.24552,461849.8,113886.066574
2025-08-14 00:36:00,0.24552,0.24555,0.24501,0.24537,281835.1,69135.610274
2025-08-14 00:37:00,0.24537,0.24588,0.24533,0.24581,128723.0,31617.77081
2025-08-14 00:38:00,0.24581,0.24608,0.24568,0.24594,238019.4,58539.061318
2025-08-14 00:39:00,0.24594,0.24612,0.24579,0.24587,33062.0,8130.54218
2025-08-14 00:40:00,0.24587,0.24607,0.24558,0.24559,49881.0,12259.25066
2025-08-14 00:41:00,0.24559,0.24561,0.24476,0.24489,156818.8,38439.716441
2025-08-14 00:42:00,0.24489,0.245,0.2448,0.24483,117018.0,28656.42362
2025-08-14 00:43:00,0.24483,0.24484,0.24424,0.24424,247855.8,60597.042719
2025-08-14 00:44:00,0.24424,0.24487,0.24422,0.24479,101372.0,24797.62696
2025-08-14 00:45:00,0.24479,0.24489,0.24441,0.24477,68254.0,16701.11208
2025-08-14 00:46:00,0.24477,0.24484,0.24453,0.24484,39486.0,9661.37798
2025-08-14 00:47:00,0.24484,0.24525,0.24473,0.24495,86986.4,21311.976474
2025-08-14 00:48:00,0.24495,0.24495,0.24418,0.24418,87199.6,21323.69541
2025-08-14 00:49:00,0.24418,0.24426,0.24371,0.24371,201056.3,49053.01522
2025-08-14 00:50:00,0.24371,0.24429,0.24365,0.24393,884752.9,215981.26166
2025-08-14 00:51:00,0.24393,0.24419,0.24389,0.24417,87166.0,21269.70024
2025-08-14 00:52:00,0.24417,0.24417,0.24353,0.24396,125852.0,30684.50587
2025-08-14 00:53:00,0.24396,0.24415,0.24383,0.24383,64159.0,15651.95122
2025-08-14 00:54:00,0.24383,0.24424,0.24383,0.24414,45899.0,11202.43759
2025-08-14 00:55:00,0.24414,0.2446,0.24414,0.24455,59239.0,14474.89826
2025-08-14 00:56:00,0.24455,0.24458,0.2443,0.2443,38112.0,9317.2342
2025-08-14 00:57:00,0.2443,0.24438,0.24401,0.24414,133531.0,32597.09756
2025-08-14 00:58:00,0.24414,0.24425,0.24378,0.24389,363435.0,88646.99459
2025-08-14 00:59:00,0.24389,0.24429,0.24389,0.24428,92446.0,22571.12011
2025-08-14 01:00:00,0.24428,0.24461,0.24411,0.24426,117767.0,28789.83231
2025-08-14 01:01:00,0.24426,0.24429,0.24373,0.24373,110464.0,26963.1891
2025-08-14 01:02:00,0.24373,0.24373,0.24324,0.24345,123510.1,30076.591083
2025-08-14 01:03:00,0.24345,0.24375,0.24319,0.24323,329870.9,80251.49715
2025-08-14 01:04:00,0.24323,0.2434,0.24278,0.24289,1057136.8,256982.21082
2025-08-14 01:05:00,0.24289,0.24364,0.24289,0.24309,344297.0,83801.87192
2025-08-14 01:06:00,0.24309,0.24313,0.24282,0.24299,39293.0,9547.27366
2025-08-14 01:07:00,0.24299,0.24344,0.24293,0.24308,128237.0,31188.77749
2025-08-14 01:08:00,0.24308,0.24308,0.24268,0.24273,51406.8,12485.834001
2025-08-14 01:09:00,0.24273,0.24304,0.24264,0.24282,43133.0,10470.99178
2025-08-14 01:10:00,0.24282,0.24318,0.24272,0.24298,173815.0,42221.54278
2025-08-14 01:11:00,0.24298,0.24333,0.24291,0.24316,32084.0,7801.49601
2025-08-14 01:12:00,0.24316,0.24355,0.24303,0.2435,59929.0,14575.67942
2025-08-14 01:13:00,0.2435,0.24355,0.24302,0.24314,74941.0,18232.14288
2025-08-14 01:14:00,0.24314,0.24334,0.243,0.24315,54547.0,13262.8714
2025-08-14 01:15:00,0.24315,0.24346,0.24311,0.24326,40934.0,9955.21665
2025-08-14 01:16:00,0.24326,0.24326,0.24304,0.24312,131151.0,31896.84994
2025-08-14 01:17:00,0.24312,0.24381,0.24303,0.24381,220532.0,53708.38655
2025-08-14 01:18:00,0.24381,0.24391,0.24347,0.24372,85521.3,20844.239284
2025-08-14 01:19:00,0.24372,0.2443,0.24356,0.2443,139829.4,34106.51237
2025-08-14 01:20:00,0.2443,0.24479,0.2443,0.2446,187754.6,45921.666598
2025-08-14 01:21:00,0.2446,0.24488,0.24438,0.24446,112019.9,27398.346611
2025-08-14 01:22:00,0.24446,0.24446,0.24391,0.24398,147235.0,35944.15516
2025-08-14 01:23:00,0.24398,0.24441,0.24398,0.24439,24463.0,5973.95399
2025-08-14 01:24:00,0.24439,0.24439,0.24416,0.24437,56934.0,13910.30708
2025-08-14 01:25:00,0.24437,0.24448,0.24433,0.24442,12511.0,3057.93814
2025-08-14 01:26:00,0.24442,0.24465,0.24442,0.24464,45364.0,11092.09532
2025-08-14 01:27:00,0.24464,0.24498,0.24456,0.24488,17523.0,4290.019317
2025-08-14 01:28:00,0.24488,0.24493,0.24474,0.2449,55674.0,13632.30391
2025-08-14 01:29:00,0.2449,0.24507,0.2449,0.24507,21945.7,5376.430338
2025-08-14 01:30:00,0.24507,0.24507,0.24478,0.24501,30699.0,7518.71369
2025-08-14 01:31:00,0.24501,0.24554,0.24501,0.24553,32201.3,7902.359623
2025-08-14 01:32:00,0.24553,0.24587,0.24552,0.24587,154095.7,37843.82947
2025-08-14 01:33:00,0.24587,0.24718,0.24577,0.24718,522809.9,128973.482736
2025-08-14 01:34:00,0.24718,0.24755,0.247,0.24742,308428.5,76271.096813
2025-08-14 01:35:00,0.24742,0.24742,0.24667,0.24683,223925.0,55302.15242
2025-08-14 01:36:00,0.24683,0.24745,0.24677,0.24698,58716.0,14506.54758
2025-08-14 01:37:00,0.24698,0.24793,0.24698,0.24793,336817.6,83354.22944
2025-08-14 01:38:00,0.24793,0.2481,0.24753,0.24762,503417.4,124802.305118
2025-08-14 01:39:00,0.24762,0.24828,0.24743,0.24821,249068.1,61772.423601
2025-08-14 01:40:00,0.24821,0.24827,0.24798,0.24816,109207.0,27098.83103
2025-08-14 01:41:00,0.24816,0.24822,0.24766,0.24785,384092.0,95206.87928
2025-08-14 01:42:00,0.24785,0.24829,0.24767,0.24829,319860.5,79297.187145
2025-08-14 01:43:00,0.24829,0.24876,0.24829,0.24871,212661.3,52872.705145
2025-08-14 01:44:00,0.24871,0.24876,0.24814,0.24876,253392.0,62970.97353
2025-08-14 01:45:00,0.24876,0.24876,0.24837,0.24863,47559.0,11816.11824
2025-08-14 01:46:00,0.24863,0.24914,0.24829,0.24832,370613.9,92219.101231
2025-08-14 01:47:00,0.24832,0.24836,0.24778,0.24822,238785.0,59226.55829
2025-08-14 01:48:00,0.24822,0.24876,0.24806,0.24809,115368.0,28659.681
2025-08-14 01:49:00,0.24809,0.24829,0.24752,0.2476,900906.5,223250.20538
2025-08-14 01:50:00,0.2476,0.24807,0.24744,0.24744,120796.8,29916.11663
2025-08-14 01:51:00,0.24744,0.24747,0.24717,0.24731,135229.4,33443.348992
2025-08-14 01:52:00,0.24731,0.24739,0.24712,0.24733,110421.4,27289.73789
2025-08-14 01:53:00,0.24733,0.24778,0.24733,0.24778,33106.0,8195.50588
2025-08-14 01:54:00,0.24778,0.24778,0.24724,0.24724,42691.0,10564.38768
2025-08-14 01:55:00,0.24724,0.24727,0.24681,0.24701,191236.8,47231.95854
2025-08-14 01:56:00,0.24701,0.24701,0.24661,0.24694,63875.2,15763.024916
2025-08-14 01:57:00,0.24694,0.24694,0.24663,0.24667,111567.0,27530.43177
2025-08-14 01:58:00,0.24667,0.24676,0.24648,0.24667,87374.2,21550.212887
2025-08-14 01:59:00,0.24667,0.24694,0.24666,0.24685,93931.0,23178.449
2025-08-14 02:00:00,0.24685,0.2471,0.24669,0.24679,66680.0,16454.8473
2025-08-14 02:01:00,0.24679,0.24683,0.24665,0.24673,18212.0,4493.4851
2025-08-14 02:02:00,0.24673,0.2474,0.24665,0.2474,52984.0,13092.05986
2025-08-14 02:03:00,0.2474,0.24779,0.24733,0.24779,250257.4,61910.962086
2025-08-14 02:04:00,0.24779,0.24832,0.24765,0.24832,220215.3,54574.608452
2025-08-14 02:05:00,0.24832,0.2484,0.24812,0.24812,159924.0,39701.82561
2025-08-14 02:06:00,0.24812,0.2485,0.248,0.2485,87748.0,21783.09542
2025-08-14 02:07:00,0.2485,0.24869,0.24821,0.24831,221383.6,55014.23418
2025-08-14 02:08:00,0.24831,0.24891,0.24831,0.24889,129074.0,32083.397155
2025-08-14 02:09:00,0.24889,0.24927,0.24867,0.24898,970323.0,241487.407734
2025-08-14 02:10:00,0.24898,0.2492,0.24851,0.24851,258998.0,64480.34262
2025-08-14 02:11:00,0.24851,0.24859,0.2483,0.2484,76923.8,19110.58043
2025-08-14 02:12:00,0.2484,0.24865,0.24832,0.24846,310429.0,77119.26166
2025-08-14 02:13:00,0.24846,0.24848,0.2482,0.24838,83400.0,20714.30038
2025-08-14 02:14:00,0.24838,0.24851,0.24813,0.24819,153177.0,38022.12608
2025-08-14 02:15:00,0.24819,0.24865,0.2479,0.24865,501735.0,124595.32042
2025-08-14 02:16:00,0.24865,0.24899,0.24849,0.24851,158914.0,39532.81402
2025-08-14 02:17:00,0.24851,0.24851,0.24801,0.2481,556058.0,138036.14913
2025-08-14 02:18:00,0.2481,0.24833,0.24792,0.24797,74442.0,18465.58745
2025-08-14 02:19:00,0.24797,0.24849,0.24789,0.24789,81593.0,20240.96658
2025-08-14 02:20:00,0.24789,0.24792,0.24691,0.24697,283095.9,69956.517999
2025-08-14 02:21:00,0.24697,0.24739,0.24688,0.24731,65188.5,16109.44337
2025-08-14 02:22:00,0.24731,0.24735,0.24717,0.24722,190425.0,47086.10939
2025-08-14 02:23:00,0.24722,0.24725,0.24709,0.24719,54741.0,13530.81149
2025-08-14 02:24:00,0.24719,0.2476,0.24718,0.2476,112547.0,27841.75691
2025-08-14 02:25:00,0.2476,0.24785,0.24747,0.24785,79880.4,19782.797016
2025-08-14 02:26:00,0.24785,0.24803,0.24785,0.24798,125632.0,31150.80863
2025-08-14 02:27:00,0.24798,0.24799,0.2478,0.24798,12053.0,2987.93232
2025-08-14 02:28:00,0.24798,0.24814,0.24795,0.24801,12432.0,3083.61391
2025-08-14 02:29:00,0.24801,0.24801,0.24769,0.2477,54349.0,13467.95531
2025-08-14 02:30:00,0.2477,0.24792,0.24758,0.24792,62418.0,15463.9445
2025-08-14 02:31:00,0.24792,0.24835,0.24782,0.24835,130704.9,32430.499472
2025-08-14 02:32:00,0.24835,0.2489,0.24835,0.24887,166179.4,41335.35398
2025-08-14 02:33:00,0.24887,0.24887,0.24861,0.24861,306840.0,76329.16673
2025-08-14 02:34:00,0.24861,0.24883,0.2485,0.24877,87263.0,21698.6904
2025-08-14 02:35:00,0.24877,0.24932,0.24874,0.24921,509946.0,127004.229504
2025-08-14 02:36:00,0.24921,0.24958,0.24912,0.24921,513019.4,127944.357414
2025-08-14 02:37:00,0.24921,0.24921,0.24886,0.24891,132121.0,32897.96492
2025-08-14 02:38:00,0.24891,0.24891,0.24856,0.24882,177616.5,44175.42206
2025-08-14 02:39:00,0.24882,0.24919,0.24858,0.24917,61251.0,15241.93558
2025-08-14 02:40:00,0.24917,0.24954,0.24917,0.2494,214379.5,53467.938536
2025-08-14 02:41:00,0.2494,0.2494,0.24887,0.24896,223333.0,55667.67776
2025-08-14 02:42:00,0.24896,0.24912,0.24875,0.24912,99979.0,24887.44395
2025-08-14 02:43:00,0.24912,0.2497,0.24903,0.24967,300161.3,74863.628892
2025-08-14 02:44:00,0.24967,0.25027,0.24967,0.25024,897517.9,224360.036121
2025-08-14 02:45:00,0.25024,0.25116,0.25017,0.25108,827134.9,207362.888095
2025-08-14 02:46:00,0.25108,0.25214,0.25105,0.25194,1226993.4,308862.997413
2025-08-14 02:47:00,0.25194,0.25199,0.25057,0.25082,1012239.6,254551.44228
2025-08-14 02:48:00,0.25082,0.25107,0.25053,0.25061,457379.0,114730.197976
2025-08-14 02:49:00,0.25061,0.25136,0.25053,0.2513,335299.1,84120.13157
2025-08-14 02:50:00,0.2513,0.25179,0.25097,0.25179,124217.7,31211.012295
2025-08-14 02:51:00,0.25179,0.25234,0.25172,0.25175,462837.6,116636.073476
2025-08-14 02:52:00,0.25175,0.25191,0.25146,0.25183,222416.3,55994.133695
2025-08-14 02:53:00,0.25183,0.25272,0.25181,0.25228,1195394.1,301607.36541
2025-08-14 02:54:00,0.25228,0.25293,0.25214,0.25283,305491.9,77145.120702
2025-08-14 02:55:00,0.25283,0.25316,0.25252,0.25296,475637.1,120279.952844
2025-08-14 02:56:00,0.25296,0.25353,0.25293,0.25351,470730.2,119263.937313
2025-08-14 02:57:00,0.25351,0.25356,0.25308,0.25337,392684.6,99452.519502
2025-08-14 02:58:00,0.25337,0.2544,0.25337,0.25428,602627.2,153037.367254
2025-08-14 02:59:00,0.25428,0.25485,0.25422,0.25485,352662.3,89780.616025
2025-08-14 03:00:00,0.25485,0.25547,0.25415,0.2542,2409477.8,613850.385305
2025-08-14 03:01:00,0.2542,0.25426,0.25339,0.25342,395272.9,100350.490585
2025-08-14 03:02:00,0.25342,0.254,0.2531,0.25318,388824.3,98560.505832
2025-08-14 03:03:00,0.25318,0.25363,0.25278,0.25353,335887.2,85098.394276
2025-08-14 03:04:00,0.25353,0.25353,0.25268,0.25303,285925.7,72344.271977
2025-08-14 03:05:00,0.25303,0.25354,0.25285,0.25335,83902.0,21246.99015
2025-08-14 03:06:00,0.25335,0.2536,0.25306,0.25336,143382.0,36330.66817
2025-08-14 03:07:00,0.25336,0.25385,0.25283,0.25378,223941.5,56709.666809
2025-08-14 03:08:00,0.25378,0.25382,0.25341,0.25353,280706.0,71215.85898
2025-08-14 03:09:00,0.25353,0.25365,0.25294,0.25303,81931.3,20751.36077
2025-08-14 03:10:00,0.25303,0.25312,0.25249,0.25249,134169.7,33908.990325
2025-08-14 03:11:00,0.25249,0.25299,0.2523,0.25299,260360.0,65773.922056
2025-08-14 03:12:00,0.25299,0.25325,0.25282,0.25289,77017.0,19481.09282
2025-08-14 03:13:00,0.25289,0.25321,0.25287,0.25321,88742.0,22446.31604
2025-08-14 03:14:00,0.25321,0.25394,0.25313,0.25374,258232.7,65466.917452
2025-08-14 03:15:00,0.25374,0.25413,0.25341,0.25404,241897.3,61377.67241
2025-08-14 03:16:00,0.25404,0.25412,0.25351,0.25402,382598.0,97122.49167
2025-08-14 03:17:00,0.25402,0.25405,0.25348,0.25348,65284.0,16565.98765
2025-08-14 03:18:00,0.25348,0.25405,0.25332,0.25405,298593.0,75678.54379
2025-08-14 03:19:00,0.25405,0.25533,0.25396,0.25514,730052.0,186075.726249
2025-08-14 03:20:00,0.25514,0.25572,0.25504,0.25519,898020.3,229383.007432
2025-08-14 03:21:00,0.25519,0.25519,0.25413,0.25422,486984.1,124015.017675
2025-08-14 03:22:00,0.25422,0.25426,0.2533,0.25361,597554.7,151627.24693
2025-08-14 03:23:00,0.25361,0.25464,0.25353,0.25461,545963.8,138789.147231
2025-08-14 03:24:00,0.25461,0.25463,0.25379,0.25383,673034.0,171016.30021
2025-08-14 03:25:00,0.25383,0.25407,0.25357,0.25404,434989.0,110396.26685
2025-08-14 03:26:00,0.25404,0.25419,0.25354,0.25362,221538.0,56251.87388
2025-08-14 03:27:00,0.25362,0.25374,0.25344,0.25355,221339.8,56131.52951
2025-08-14 03:28:00,0.25355,0.25362,0.25322,0.25322,97084.3,24599.88098
2025-08-14 03:29:00,0.25322,0.25341,0.25308,0.25331,456415.0,115598.83756
2025-08-14 03:30:00,0.25331,0.25352,0.253,0.25331,263702.0,66772.03499
2025-08-14 03:31:00,0.25331,0.25355,0.25281,0.25283,297186.3,75235.610158
2025-08-14 03:32:00,0.25283,0.25288,0.25243,0.25261,183043.6,46245.287668
2025-08-14 03:33:00,0.25261,0.25287,0.2524,0.25278,118254.0,29881.463082
2025-08-14 03:34:00,0.25278,0.25315,0.25258,0.25263,238304.0,60297.02333
2025-08-14 03:35:00,0.25263,0.25353,0.25246,0.25334,341191.7,86294.70799
2025-08-14 03:36:00,0.25334,0.25342,0.25262,0.25266,91365.3,23115.399825
2025-08-14 03:37:00,0.25266,0.25272,0.25221,0.25226,189830.7,47936.923108
2025-08-14 03:38:00,0.25226,0.25269,0.25191,0.25204,197176.9,49739.895545
2025-08-14 03:39:00,0.25204,0.25274,0.252,0.25258,597159.0,150786.61992
2025-08-14 03:40:00,0.25258,0.25308,0.25239,0.25271,516276.5,130511.822605
2025-08-14 03:41:00,0.25271,0.25338,0.25271,0.25334,212718.1,53815.84285
2025-08-14 03:42:00,0.25334,0.25334,0.25287,0.25296,107465.0,27212.82483
2025-08-14 03:43:00,0.25296,0.25302,0.25258,0.25286,83243.0,21048.87309
2025-08-14 03:44:00,0.25286,0.25324,0.25276,0.25309,306310.0,77502.66098
2025-08-14 03:45:00,0.25309,0.2533,0.2527,0.25274,508176.1,128584.86159
2025-08-14 03:46:00,0.25274,0.25297,0.25272,0.25277,90532.0,22890.43028
2025-08-14 03:47:00,0.25277,0.25322,0.25269,0.25322,31199.0,7894.08233
2025-08-14 03:48:00,0.25322,0.25453,0.25305,0.25416,739601.2,187712.914112
2025-08-14 03:49:00,0.25416,0.25429,0.25379,0.25379,372806.3,94722.243885
2025-08-14 03:50:00,0.25379,0.25403,0.25379,0.25385,362119.0,91949.76672
2025-08-14 03:51:00,0.25385,0.25389,0.25332,0.25373,182715.8,46337.68964
2025-08-14 03:52:00,0.25373,0.25373,0.2527,0.25288,98415.1,24911.104985
2025-08-14 03:53:00,0.25288,0.25305,0.25263,0.25266,166034.0,41986.8383
2025-08-14 03:54:00,0.25266,0.25266,0.25239,0.2524,98681.9,24922.01728
2025-08-14 03:55:00,0.2524,0.25262,0.25227,0.25234,133045.5,33589.02887
2025-08-14 03:56:00,0.25234,0.25276,0.2523,0.25263,158147.0,39934.06033
2025-08-14 03:57:00,0.25263,0.25286,0.25253,0.25281,102829.0,25983.21662
2025-08-14 03:58:00,0.25281,0.25306,0.25276,0.25287,307720.0,77819.69987
2025-08-14 03:59:00,0.25287,0.25293,0.25265,0.25268,132972.0,33616.77316
2025-08-14 04:00:00,0.25268,0.25291,0.2525,0.25252,49338.0,12467.11025
2025-08-14 04:01:00,0.25252,0.25347,0.25252,0.25333,313574.7,79432.29461
2025-08-14 04:02:00,0.25333,0.25344,0.25314,0.25338,159695.0,40453.96788
2025-08-14 04:03:00,0.25338,0.25348,0.25318,0.25321,140720.0,35655.50714
2025-08-14 04:04:00,0.25321,0.25323,0.25265,0.25269,100896.0,25521.080292
2025-08-14 04:05:00,0.25269,0.25287,0.2526,0.25285,25788.0,6517.88826
2025-08-14 04:06:00,0.25285,0.25304,0.25267,0.25287,107380.0,27147.5738
2025-08-14 04:07:00,0.25287,0.25292,0.25262,0.25274,102852.0,25996.11248
2025-08-14 04:08:00,0.25274,0.25281,0.2526,0.2526,89128.0,22522.40809
2025-08-14 04:09:00,0.2526,0.25269,0.2524,0.25257,126062.0,31836.26739
2025-08-14 04:10:00,0.25257,0.25257,0.2521,0.25213,63007.6,15899.690245
2025-08-14 04:11:00,0.25213,0.25222,0.252,0.25215,233240.0,58800.76809
2025-08-14 04:12:00,0.25215,0.25215,0.25156,0.25164,643890.5,162091.483961
2025-08-14 04:13:00,0.25164,0.25173,0.25148,0.25149,136665.4,34384.523408
2025-08-14 04:14:00,0.25149,0.25176,0.25145,0.25157,189573.0,47701.36915
2025-08-14 04:15:00,0.25157,0.25195,0.25152,0.25188,86095.0,21672.81485
2025-08-14 04:16:00,0.25188,0.2521,0.25176,0.252,59575.0,15011.49135
2025-08-14 04:17:00,0.252,0.25239,0.252,0.25236,307214.1,77487.72739
2025-08-14 04:18:00,0.25236,0.25316,0.25236,0.25306,283862.4,71755.869035
2025-08-14 04:19:00,0.25306,0.25314,0.25259,0.25284,220350.0,55719.00717
2025-08-14 04:20:00,0.25284,0.25331,0.25279,0.25293,149533.1,37834.17807
2025-08-14 04:21:00,0.25293,0.25347,0.25293,0.25338,42270.1,10705.576471
2025-08-14 04:22:00,0.25338,0.25357,0.25322,0.25337,222027.0,56274.61027
2025-08-14 04:23:00,0.25337,0.25388,0.25336,0.25375,569535.3,144514.050312
2025-08-14 04:24:00,0.25375,0.2541,0.25338,0.2541,417565.6,105971.235661
2025-08-14 04:25:00,0.2541,0.25455,0.25409,0.25448,436349.1,110951.24272
2025-08-14 04:26:00,0.25448,0.25448,0.25413,0.25434,244806.0,62255.69625
2025-08-14 04:27:00,0.25434,0.25436,0.25408,0.25411,159993.0,40673.08917
2025-08-14 04:28:00,0.25411,0.25419,0.25352,0.25358,208006.3,52824.370335
2025-08-14 04:29:00,0.25358,0.25391,0.25346,0.25369,225852.0,57301.34438
2025-08-14 04:30:00,0.25369,0.25374,0.25345,0.25353,181952.8,46133.34553
2025-08-14 04:31:00,0.25353,0.25385,0.25327,0.25357,101813.0,25809.407099
2025-08-14 04:32:00,0.25357,0.25365,0.2527,0.25278,858076.8,217296.16453
2025-08-14 04:33:00,0.25278,0.25297,0.25256,0.25258,202755.2,51233.29078
2025-08-14 04:34:00,0.25258,0.25263,0.25231,0.25253,301374.7,76095.100225
2025-08-14 04:35:00,0.25253,0.25283,0.25252,0.25282,172901.0,43683.03937
2025-08-14 04:36:00,0.25282,0.25285,0.25245,0.25247,81269.0,20529.6104
2025-08-14 04:37:00,0.25247,0.25249,0.25214,0.25237,125871.1,31758.941745
2025-08-14 04:38:00,0.25237,0.25292,0.25237,0.25285,90847.1,22958.636425
2025-08-14 04:39:00,0.25285,0.25327,0.25271,0.25327,163391.0,41312.72367
2025-08-14 04:40:00,0.25327,0.25339,0.25309,0.25324,317953.1,80507.33004
2025-08-14 04:41:00,0.25324,0.25324,0.25282,0.25307,916238.0,231808.72762
2025-08-14 04:42:00,0.25307,0.25308,0.25289,0.253,108690.0,27496.14054
2025-08-14 04:43:00,0.253,0.25306,0.25267,0.25282,204253.3,51648.066575
2025-08-14 04:44:00,0.25282,0.25315,0.25282,0.25307,62382.0,15785.83242
2025-08-14 04:45:00,0.25307,0.25312,0.25235,0.25239,73127.0,18485.35772
2025-08-14 04:46:00,0.25239,0.25282,0.25221,0.25278,81925.0,20681.21692
2025-08-14 04:47:00,0.25278,0.25286,0.25257,0.25263,43365.0,10958.17304
2025-08-14 04:48:00,0.25263,0.25263,0.25235,0.25242,75832.0,19146.52176
2025-08-14 04:49:00,0.25242,0.25255,0.25185,0.25197,431706.4,108845.50302
2025-08-14 04:50:00,0.25197,0.25199,0.25178,0.25188,141735.0,35697.06714
2025-08-14 04:51:00,0.25188,0.25204,0.25183,0.25197,77282.0,19468.92334
2025-08-14 04:52:00,0.25197,0.25208,0.25187,0.25206,111636.0,28131.46453
2025-08-14 04:53:00,0.25206,0.25208,0.25199,0.25207,122225.0,30807.77261
2025-08-14 04:54:00,0.25207,0.25213,0.25172,0.25172,179338.8,45175.622081
2025-08-14 04:55:00,0.25172,0.2518,0.25137,0.25137,122422.3,30803.122887
2025-08-14 04:56:00,0.25137,0.25171,0.25137,0.25143,63109.0,15873.34147
2025-08-14 04:57:00,0.25143,0.25143,0.25116,0.25134,96033.7,24131.06969
2025-08-14 04:58:00,0.25134,0.25161,0.25116,0.2516,333716.0,83864.09679
2025-08-14 04:59:00,0.2516,0.2516,0.25124,0.25126,117598.0,29567.7302
2025-08-14 05:00:00,0.25126,0.25134,0.25095,0.25101,109502.7,27497.275589
2025-08-14 05:01:00,0.25101,0.25166,0.25081,0.25157,115142.3,28940.059156
2025-08-14 05:02:00,0.25157,0.25157,0.25128,0.25148,288032.0,72406.60024
2025-08-14 05:03:00,0.25148,0.25172,0.25148,0.25162,217712.0,54785.66676
2025-08-14 05:04:00,0.25162,0.25193,0.2516,0.25186,169268.0,42617.36517
2025-08-14 05:05:00,0.25186,0.25218,0.25186,0.25198,308688.4,77796.770846
2025-08-14 05:06:00,0.25198,0.25206,0.25136,0.25136,197594.0,49738.65144
2025-08-14 05:07:00,0.25136,0.25138,0.25083,0.25129,316079.8,79378.51612
2025-08-14 05:08:00,0.25129,0.25159,0.25129,0.25148,44890.0,11289.56302
2025-08-14 05:09:00,0.25148,0.2522,0.25148,0.25203,86175.2,21704.340941
2025-08-14 05:10:00,0.25203,0.25203,0.25172,0.25195,95944.0,24165.42569
2025-08-14 05:11:00,0.25195,0.25195,0.25155,0.25157,94132.3,23687.901455
2025-08-14 05:12:00,0.25157,0.25157,0.25052,0.25052,317150.9,79622.095964
2025-08-14 05:13:00,0.25052,0.25052,0.25004,0.2501,333818.0,83526.488237
2025-08-14 05:14:00,0.2501,0.25022,0.24979,0.24981,1501094.5,375277.916269
2025-08-14 05:15:00,0.24981,0.24984,0.2493,0.24956,677107.3,168914.164006
2025-08-14 05:16:00,0.24956,0.2501,0.24956,0.25004,205212.0,51248.26494
2025-08-14 05:17:00,0.25004,0.25055,0.25004,0.25049,170486.4,42676.476631
2025-08-14 05:18:00,0.25049,0.25049,0.25024,0.25031,225603.0,56479.80817
2025-08-14 05:19:00,0.25031,0.25052,0.25022,0.25024,250437.0,62704.32977
2025-08-14 05:20:00,0.25024,0.25038,0.25018,0.25034,395459.0,98968.90175
2025-08-14 05:21:00,0.25034,0.25065,0.25034,0.25064,317388.0,79519.58787
2025-08-14 05:22:00,0.25064,0.25074,0.25052,0.25059,219866.0,55109.89015
2025-08-14 05:23:00,0.25059,0.25059,0.25022,0.25029,175694.0,43987.88812
2025-08-14 05:24:00,0.25029,0.25031,0.25016,0.25028,304385.0,76181.21337
2025-08-14 05:25:00,0.25028,0.25031,0.24981,0.25,153624.3,38398.99642
2025-08-14 05:26:00,0.25,0.25019,0.24999,0.25004,64882.0,16227.21466
2025-08-14 05:27:00,0.25004,0.25007,0.24982,0.24982,128143.0,32020.41459
2025-08-14 05:28:00,0.24982,0.25004,0.24971,0.25004,148003.0,36988.60128
2025-08-14 05:29:00,0.25004,0.25004,0.24957,0.24957,170944.0,42688.7465
2025-08-14 05:30:00,0.24957,0.24957,0.24851,0.24852,1031560.4,257066.643124
2025-08-14 05:31:00,0.24852,0.249,0.24842,0.24894,610342.4,151800.33987
2025-08-14 05:32:00,0.24894,0.24918,0.24892,0.24918,81130.0,20203.72995
2025-08-14 05:33:00,0.24918,0.24956,0.24914,0.24956,91027.4,22693.081024
2025-08-14 05:34:00,0.24956,0.24998,0.24951,0.24987,174062.0,43469.16599
2025-08-14 05:35:00,0.24987,0.24987,0.24944,0.24957,84631.0,21123.02667
2025-08-14 05:36:00,0.24957,0.25005,0.24957,0.24963,231912.0,57931.8791
2025-08-14 05:37:00,0.24963,0.24963,0.24929,0.24935,65243.0,16270.50645
2025-08-14 05:38:00,0.24935,0.24938,0.24915,0.24915,118611.8,29571.48944
2025-08-14 05:39:00,0.24915,0.24926,0.24889,0.24917,76901.0,19156.62644
2025-08-14 05:40:00,0.24917,0.2492,0.24872,0.24872,48379.0,12046.11109
2025-08-14 05:41:00,0.24872,0.2491,0.24872,0.249,114636.0,28535.6599
2025-08-14 05:42:00,0.249,0.249,0.24864,0.24864,45500.0,11320.44536
2025-08-14 05:43:00,0.24864,0.24867,0.24812,0.24813,83081.9,20631.904506
2025-08-14 05:44:00,0.24813,0.24813,0.24709,0.24775,2159951.8,534775.393453
2025-08-14 05:45:00,0.24775,0.24803,0.24774,0.24782,141922.0,35170.9803
2025-08-14 05:46:00,0.24782,0.24835,0.24782,0.24829,590347.3,146420.031812
2025-08-14 05:47:00,0.24829,0.24845,0.24809,0.24843,57142.6,14187.44283
2025-08-14 05:48:00,0.24843,0.24849,0.24811,0.24842,268950.0,66783.03027
2025-08-14 05:49:00,0.24842,0.24843,0.2478,0.24791,431601.0,107058.1404
2025-08-14 05:50:00,0.24791,0.24807,0.24732,0.2474,210849.8,52222.80931
2025-08-14 05:51:00,0.2474,0.24816,0.24734,0.248,1584983.0,392992.193
2025-08-14 05:52:00,0.248,0.24806,0.24745,0.24788,248016.0,61448.39318
2025-08-14 05:53:00,0.24788,0.24821,0.24765,0.24767,227716.0,56467.51391
2025-08-14 05:54:00,0.24767,0.24816,0.24767,0.24816,283857.0,70342.10884
2025-08-14 05:55:00,0.24816,0.24837,0.24803,0.24809,79900.8,19830.867142
2025-08-14 05:56:00,0.24809,0.24834,0.24806,0.24834,52548.0,13040.59948
2025-08-14 05:57:00,0.24834,0.24848,0.24814,0.24814,135255.0,33585.09501
2025-08-14 05:58:00,0.24814,0.24823,0.24789,0.24822,111771.0,27723.64197
2025-08-14 05:59:00,0.24822,0.2483,0.24813,0.24814,135178.0,33549.3221
2025-08-14 06:00:00,0.24814,0.24826,0.24799,0.24799,78177.0,19397.12913
2025-08-14 08:00:00,0.24502,0.24513,0.24474,0.24476,44685.0,10944.51454
2025-08-14 08:01:00,0.24476,0.2448,0.24417,0.24418,47143.5,11530.7112
2025-08-14 08:02:00,0.24418,0.2446,0.24406,0.24421,140762.0,34393.49738
2025-08-14 08:03:00,0.24421,0.24434,0.24366,0.24373,80013.4,19523.191042
2025-08-14 08:04:00,0.24373,0.24382,0.24334,0.24373,309052.4,75249.274646
2025-08-14 08:05:00,0.24373,0.24411,0.24373,0.24387,228194.0,55675.33947
2025-08-14 08:06:00,0.24387,0.24387,0.24303,0.24305,296760.9,72267.781841
2025-08-14 08:07:00,0.24305,0.24336,0.24279,0.24324,410724.4,99811.540412
2025-08-14 08:08:00,0.24324,0.24358,0.24318,0.2434,273560.0,66552.47051
2025-08-14 08:09:00,0.2434,0.24383,0.24339,0.24382,129481.0,31551.53311
2025-08-14 08:10:00,0.24382,0.24388,0.24357,0.24375,137042.3,33406.124344
2025-08-14 08:11:00,0.24375,0.24394,0.24361,0.24394,115172.0,28073.06387
2025-08-14 08:12:00,0.24394,0.24394,0.2436,0.24368,88191.0,21501.62359
2025-08-14 08:13:00,0.24368,0.24379,0.24352,0.24374,81184.0,19781.72266
2025-08-14 08:14:00,0.24374,0.24384,0.24329,0.24332,730159.0,177845.73187
2025-08-14 08:15:00,0.24332,0.24422,0.24332,0.24418,126687.0,30890.79965
2025-08-14 08:16:00,0.24418,0.24421,0.24353,0.24368,126382.0,30803.02881
2025-08-14 08:17:00,0.24368,0.24368,0.24291,0.24317,157178.0,38237.95252
2025-08-14 08:18:00,0.24317,0.24368,0.24317,0.24352,156027.0,37995.17595
2025-08-14 08:19:00,0.24352,0.24395,0.24349,0.24372,77973.0,19002.98609
2025-08-14 08:20:00,0.24372,0.24372,0.24343,0.24347,155293.0,37823.95252
2025-08-14 08:21:00,0.24347,0.24368,0.2434,0.24349,108277.0,26369.49264
2025-08-14 08:22:00,0.24349,0.24354,0.24301,0.24304,309384.0,75260.34293
2025-08-14 08:23:00,0.24304,0.24346,0.24293,0.24308,149184.0,36272.65127
2025-08-14 08:24:00,0.24308,0.24323,0.24276,0.2428,276002.9,67037.880234
2025-08-14 08:25:00,0.2428,0.24338,0.2428,0.24338,138951.0,33779.90628
2025-08-14 08:26:00,0.24338,0.2439,0.24336,0.24374,61138.3,14897.054064
2025-08-14 08:27:00,0.24374,0.24379,0.24353,0.24378,79677.0,19415.72751
2025-08-14 08:28:00,0.24378,0.24418,0.24357,0.24357,177276.0,43243.90168
2025-08-14 08:29:00,0.24357,0.24373,0.24343,0.24359,187474.0,45680.90633
2025-08-14 08:30:00,0.24359,0.24376,0.24342,0.24364,60519.0,14741.2367
2025-08-14 08:31:00,0.24364,0.24405,0.24364,0.24395,60564.0,14775.86109
2025-08-14 08:32:00,0.24395,0.24395,0.24366,0.24369,33194.0,8093.3702
2025-08-14 08:33:00,0.24369,0.24391,0.24369,0.24383,62034.0,15124.98201
2025-08-14 08:34:00,0.24383,0.24399,0.24356,0.24356,70539.0,17196.36948
2025-08-14 08:35:00,0.24356,0.24359,0.24297,0.24305,200191.0,48681.24477
2025-08-14 08:36:00,0.24305,0.24307,0.24267,0.24269,161268.4,39161.39068
2025-08-14 08:37:00,0.24269,0.24273,0.24191,0.24205,1408145.5,341175.903128
2025-08-14 08:38:00,0.24205,0.24237,0.24205,0.24225,157845.0,38228.40629
2025-08-14 08:39:00,0.24225,0.24225,0.24178,0.24179,309764.7,74927.061368
2025-08-14 08:40:00,0.24179,0.2423,0.24173,0.2423,502890.8,121617.342208
2025-08-14 08:41:00,0.2423,0.24236,0.24184,0.24184,53841.0,13033.92934
2025-08-14 08:42:00,0.24184,0.24214,0.24169,0.24178,204479.1,49442.926318
2025-08-14 08:43:00,0.24178,0.24189,0.24119,0.24167,2451652.8,592128.199758
2025-08-14 08:44:00,0.24167,0.24195,0.24148,0.24148,279441.0,67549.49792
2025-08-14 08:45:00,0.24148,0.24198,0.24143,0.24176,606417.0,146594.87796
2025-08-14 08:46:00,0.24176,0.2423,0.24176,0.24229,144378.0,34953.61465
2025-08-14 08:47:00,0.24229,0.24248,0.242,0.24203,255544.0,61913.23282
2025-08-14 08:48:00,0.24203,0.24225,0.24194,0.24204,74086.0,17933.73636
2025-08-14 08:49:00,0.24204,0.24218,0.24181,0.24207,779842.0,188682.00805
2025-08-14 08:50:00,0.24207,0.24216,0.24187,0.24193,142066.0,34384.07087
2025-08-14 08:51:00,0.24193,0.24207,0.24192,0.24192,62498.0,15123.90582
2025-08-14 08:52:00,0.24192,0.2421,0.2418,0.24181,103604.0,25067.08499
2025-08-14 08:53:00,0.24181,0.24226,0.24179,0.242,277099.0,67065.10388
2025-08-14 08:54:00,0.242,0.24204,0.24154,0.24192,200271.0,48420.40377
2025-08-14 08:55:00,0.24192,0.24202,0.24172,0.24172,80230.0,19405.98712
2025-08-14 08:56:00,0.24172,0.24186,0.24159,0.24159,145596.0,35194.17379
2025-08-14 08:57:00,0.24159,0.242,0.24159,0.24196,692357.0,167426.92689
2025-08-14 08:58:00,0.24196,0.24207,0.24188,0.24206,303377.0,73414.86991
2025-08-14 08:59:00,0.24206,0.24217,0.24198,0.24213,51809.0,12539.27895
2025-08-14 09:00:00,0.24213,0.24216,0.24174,0.2418,129889.0,31418.80218
2025-08-14 09:01:00,0.2418,0.24186,0.24128,0.24128,256698.0,62002.86674
2025-08-14 09:02:00,0.24128,0.24164,0.24107,0.24149,410840.0,99108.858412
2025-08-14 09:03:00,0.24149,0.2415,0.24073,0.24079,440430.5,106119.897089
2025-08-14 09:04:00,0.24079,0.24107,0.2405,0.24106,565058.6,136021.742521
2025-08-14 09:05:00,0.24106,0.24181,0.24098,0.24145,285359.7,68900.575738
2025-08-14 09:06:00,0.24145,0.24212,0.24136,0.24192,203308.0,49172.02609
2025-08-14 09:07:00,0.24192,0.24224,0.24187,0.2422,125905.0,30469.57669
2025-08-14 09:08:00,0.2422,0.24232,0.24183,0.24183,82398.0,19944.56596
2025-08-14 09:09:00,0.24183,0.24209,0.24176,0.24201,105416.0,25501.53625
2025-08-14 09:10:00,0.24201,0.24207,0.24172,0.24182,1132668.0,273955.24431
2025-08-14 09:11:00,0.24182,0.24182,0.24134,0.24137,107693.0,26022.45121
2025-08-14 09:12:00,0.24137,0.24137,0.24098,0.2411,473069.0,114050.5733
2025-08-14 09:13:00,0.2411,0.24122,0.24091,0.24097,190347.0,45881.61328
2025-08-14 09:14:00,0.24097,0.24179,0.24097,0.24178,172461.0,41607.83512
2025-08-14 09:15:00,0.24178,0.24217,0.24175,0.24214,240517.0,58192.23556
2025-08-14 09:16:00,0.24214,0.24215,0.24151,0.24156,129571.0,31337.87799
2025-08-14 09:17:00,0.24156,0.24164,0.24129,0.2413,105949.0,25586.53393
2025-08-14 09:18:00,0.2413,0.24169,0.2413,0.24162,32600.0,7872.88896
2025-08-14 09:19:00,0.24162,0.24173,0.24138,0.24159,72846.0,17594.49242
2025-08-14 09:20:00,0.24159,0.2416,0.24112,0.24112,93178.0,22485.11267
2025-08-14 09:21:00,0.24112,0.24153,0.24112,0.24127,176370.0,42579.59113
2025-08-14 09:22:00,0.24127,0.24146,0.24118,0.24137,78982.0,19059.76319
2025-08-14 09:23:00,0.24137,0.24165,0.24135,0.24165,79804.0,19271.27214
2025-08-14 09:24:00,0.24165,0.24167,0.2414,0.2414,46851.0,11316.52664
2025-08-14 09:25:00,0.2414,0.24166,0.24133,0.24166,85586.0,20669.06847
2025-08-14 09:26:00,0.24166,0.24209,0.24165,0.24206,48012.0,11613.98796
2025-08-14 09:27:00,0.24206,0.24227,0.24206,0.24225,79110.0,19159.01422
2025-08-14 09:28:00,0.24225,0.24225,0.2421,0.24211,160183.0,38793.33375
2025-08-14 09:29:00,0.24211,0.24215,0.24198,0.24207,42501.0,10287.45338
2025-08-14 09:30:00,0.24207,0.24224,0.24172,0.24181,633004.0,153266.10837
2025-08-14 09:31:00,0.24181,0.24186,0.24116,0.24155,713948.0,172508.64512
2025-08-14 09:32:00,0.24155,0.2419,0.24155,0.24177,57874.0,13988.17732
2025-08-14 09:33:00,0.24177,0.24195,0.24163,0.24169,28873.0,6982.81084
2025-08-14 09:34:00,0.24169,0.24196,0.24162,0.24162,148290.0,35842.61528
2025-08-14 09:35:00,0.24162,0.24186,0.24153,0.24184,92844.0,22446.40255
2025-08-14 09:36:00,0.24184,0.24234,0.24178,0.24213,80667.3,19525.355612
2025-08-14 09:37:00,0.24213,0.24213,0.24162,0.24167,81876.0,19799.4172
2025-08-14 09:38:00,0.24167,0.2417,0.24124,0.24144,104389.0,25197.84836
2025-08-14 09:39:00,0.24144,0.24145,0.24089,0.24094,148711.0,35852.61431
2025-08-14 09:40:00,0.24094,0.24098,0.24064,0.24081,124854.9,30059.394874
2025-08-14 09:41:00,0.24081,0.24102,0.24059,0.24077,124575.4,29996.382364
2025-08-14 09:42:00,0.24077,0.24089,0.24068,0.24082,69268.0,16679.25024
2025-08-14 09:43:00,0.24082,0.24088,0.24064,0.24072,183520.0,44176.6452
2025-08-14 09:44:00,0.24072,0.24092,0.24068,0.24075,228896.0,55120.70098
2025-08-14 09:45:00,0.24075,0.24117,0.24075,0.24116,139848.0,33712.5038
2025-08-14 09:46:00,0.24116,0.24149,0.24116,0.24126,31210.0,7531.52914
2025-08-14 09:47:00,0.24126,0.24156,0.24097,0.24154,130883.0,31552.81865
2025-08-14 09:48:00,0.24154,0.24165,0.24135,0.24156,88404.0,21354.37873
2025-08-14 09:49:00,0.24156,0.24156,0.24122,0.24139,12386.0,2989.99083
2025-08-14 09:50:00,0.24139,0.24155,0.24136,0.24155,54507.0,13159.25853
2025-08-14 09:51:00,0.24155,0.24175,0.24151,0.24153,106454.7,25723.029298
2025-08-14 09:52:00,0.24153,0.24178,0.24153,0.24177,161531.0,39022.49603
2025-08-14 09:53:00,0.24177,0.24208,0.24157,0.24208,81285.0,19662.4203
2025-08-14 09:54:00,0.24208,0.24231,0.24208,0.2422,59474.0,14406.68926
2025-08-14 09:55:00,0.2422,0.24233,0.24214,0.24232,51912.0,12574.16749
2025-08-14 09:56:00,0.24232,0.24278,0.24225,0.24274,123979.0,30077.903191
2025-08-14 09:57:00,0.24274,0.2428,0.24251,0.24256,220452.3,53510.102567
2025-08-14 09:58:00,0.24256,0.24261,0.24244,0.24253,125699.0,30477.76341
2025-08-14 09:59:00,0.24253,0.24255,0.24241,0.24245,42200.0,10232.72023
2025-08-14 10:00:00,0.24245,0.24247,0.24219,0.24228,189471.0,45910.26158
2025-08-14 10:01:00,0.24228,0.24235,0.24199,0.24235,34748.0,8416.54478
2025-08-14 10:02:00,0.24235,0.24235,0.24173,0.24186,57788.0,13990.9889
2025-08-14 10:03:00,0.24186,0.24202,0.24175,0.24193,101492.0,24550.14788
2025-08-14 10:04:00,0.24193,0.24193,0.24136,0.24139,103891.9,25099.78291
2025-08-14 10:05:00,0.24139,0.24139,0.24107,0.24128,144560.0,34870.47412
2025-08-14 10:06:00,0.24128,0.24166,0.24124,0.24166,49531.0,11959.63543
2025-08-14 10:07:00,0.24166,0.24198,0.24138,0.24145,83548.0,20190.99766
2025-08-14 10:08:00,0.24145,0.24145,0.24109,0.24116,50957.0,12290.57068
2025-08-14 10:09:00,0.24116,0.2412,0.241,0.24101,117034.0,28216.14446
2025-08-14 10:10:00,0.24101,0.24103,0.24053,0.24059,207551.3,50003.903228
2025-08-14 10:11:00,0.24059,0.2408,0.24055,0.24074,19717.0,4744.91839
2025-08-14 10:12:00,0.24074,0.24121,0.24069,0.24121,119635.0,28832.36834
2025-08-14 10:13:00,0.24121,0.24121,0.2408,0.2408,84928.0,20468.10485
2025-08-14 10:14:00,0.2408,0.24086,0.24057,0.2408,363557.0,87527.66325
2025-08-14 10:15:00,0.2408,0.24123,0.2408,0.24123,108178.0,26070.58949
2025-08-14 10:16:00,0.24123,0.2416,0.24103,0.24113,429251.0,103655.00827
2025-08-14 10:17:00,0.24113,0.24146,0.24111,0.24146,104719.0,25267.64449
2025-08-14 10:18:00,0.24146,0.24184,0.24146,0.24174,165985.7,40111.748598
2025-08-14 10:19:00,0.24174,0.24174,0.24146,0.24151,65313.0,15776.137
2025-08-14 10:20:00,0.24151,0.24152,0.24102,0.24102,146873.0,35447.20561
2025-08-14 10:21:00,0.24102,0.24128,0.24102,0.2411,58986.0,14230.38477
2025-08-14 10:22:00,0.2411,0.24127,0.24109,0.24109,75947.0,18317.87613
2025-08-14 10:23:00,0.24109,0.24109,0.2408,0.24097,98440.5,23721.93603
2025-08-14 10:24:00,0.24097,0.24123,0.24096,0.2411,175493.0,42304.35012
2025-08-14 10:25:00,0.2411,0.24115,0.24067,0.24067,132186.0,31838.89964
2025-08-14 10:26:00,0.24067,0.24083,0.2406,0.24065,138881.4,33427.475374
2025-08-14 10:27:00,0.24065,0.24065,0.23963,0.23981,1731607.7,415777.7586
2025-08-14 10:28:00,0.23981,0.24025,0.23981,0.24013,296609.0,71211.84048
2025-08-14 10:29:00,0.24013,0.24016,0.23991,0.2401,101427.0,24348.46479
2025-08-14 10:30:00,0.2401,0.24047,0.24005,0.24044,115524.0,27753.15376
2025-08-14 10:31:00,0.24044,0.24044,0.24017,0.24018,110763.0,26622.75846
2025-08-14 10:32:00,0.24018,0.24031,0.24011,0.24029,76326.0,18332.95552
2025-08-14 10:33:00,0.24029,0.24059,0.24028,0.24043,89213.0,21449.79148
2025-08-14 10:34:00,0.24043,0.24069,0.24043,0.24067,26319.0,6329.8121
2025-08-14 10:35:00,0.24067,0.24084,0.24052,0.24052,86145.0,20729.2939
2025-08-14 10:36:00,0.24052,0.24052,0.24007,0.24007,385429.0,92590.14633
2025-08-14 10:37:00,0.24007,0.24032,0.23991,0.23995,67688.0,16249.94048
2025-08-14 10:38:00,0.23995,0.23995,0.23947,0.23954,656705.9,157389.138498
2025-08-14 10:39:00,0.23954,0.23976,0.23909,0.23913,619426.6,148239.040161
2025-08-14 10:40:00,0.23913,0.23921,0.23838,0.23884,2297409.3,548495.617861
2025-08-14 10:41:00,0.23884,0.23884,0.23832,0.23844,807053.0,192458.35964
2025-08-14 10:42:00,0.23844,0.23858,0.23748,0.23753,1646772.7,392026.064675
2025-08-14 10:43:00,0.23753,0.23758,0.23619,0.23727,3522233.9,834205.175525
2025-08-14 10:44:00,0.23727,0.2378,0.23711,0.23762,148401.0,35220.20799
2025-08-14 10:45:00,0.23762,0.23793,0.23757,0.23759,80184.0,19066.67427
2025-08-14 10:46:00,0.23759,0.2382,0.23737,0.23819,112398.0,26714.22763
2025-08-14 10:47:00,0.23819,0.23848,0.23809,0.23848,158086.1,37680.101881
2025-08-14 10:48:00,0.23848,0.23849,0.23791,0.23821,145008.0,34527.71643
2025-08-14 10:49:00,0.23821,0.23849,0.23821,0.23822,112424.0,26791.907
2025-08-14 10:50:00,0.23822,0.23864,0.23771,0.23846,215299.0,51302.95746
2025-08-14 10:51:00,0.23846,0.23865,0.23819,0.23863,124967.0,29786.95054
2025-08-14 10:52:00,0.23863,0.23863,0.23766,0.2378,345147.0,82100.32585
2025-08-14 10:53:00,0.2378,0.23856,0.2378,0.23819,141957.0,33833.72095
2025-08-14 10:54:00,0.23819,0.23847,0.23791,0.23823,763309.0,181883.51966
2025-08-14 10:55:00,0.23823,0.2385,0.23812,0.23837,181727.0,43308.06612
2025-08-14 10:56:00,0.23837,0.23837,0.23792,0.23794,155374.0,36990.07479
2025-08-14 10:57:00,0.23794,0.23824,0.23794,0.23817,69314.0,16503.0807
2025-08-14 10:58:00,0.23817,0.23828,0.23804,0.2382,109687.0,26130.97862
2025-08-14 10:59:00,0.2382,0.23852,0.23817,0.23846,236299.0,56342.15754
2025-08-14 11:00:00,0.23846,0.23867,0.23824,0.23867,252957.0,60324.14424
2025-08-14 11:01:00,0.23867,0.23874,0.2385,0.23851,223577.0,53355.98867
2025-08-14 11:02:00,0.23851,0.23858,0.2382,0.23837,181043.0,43161.35158
2025-08-14 11:03:00,0.23837,0.23848,0.23775,0.2379,221253.0,52672.00144
2025-08-14 11:04:00,0.2379,0.23839,0.23786,0.23801,317442.0,75581.9614
2025-08-14 11:05:00,0.23801,0.23816,0.23798,0.23802,112529.0,26789.74826
2025-08-14 11:06:00,0.23802,0.23803,0.23763,0.23782,168220.0,40004.43781
2025-08-14 11:07:00,0.23782,0.23802,0.23754,0.23755,905819.0,215335.18573
2025-08-14 11:08:00,0.23755,0.23773,0.23748,0.23757,188921.0,44883.19184
2025-08-14 11:09:00,0.23757,0.23777,0.23749,0.23765,115356.0,27411.70011
2025-08-14 11:10:00,0.23765,0.23818,0.23763,0.23818,122815.0,29216.37759
2025-08-14 11:11:00,0.23818,0.23836,0.23808,0.2382,190045.0,45272.11034
2025-08-14 11:12:00,0.2382,0.2382,0.23785,0.23788,146677.0,34907.2197
2025-08-14 11:13:00,0.23788,0.23796,0.23765,0.23774,75044.0,17837.47955
2025-08-14 11:14:00,0.23774,0.23802,0.23774,0.23794,125637.0,29885.29416
2025-08-14 11:15:00,0.23794,0.23853,0.23794,0.23843,171411.0,40837.3385
2025-08-14 11:16:00,0.23843,0.2385,0.23824,0.23824,158572.0,37797.95144
2025-08-14 11:17:00,0.23824,0.2384,0.23803,0.23839,60738.2,14464.893596
2025-08-14 11:18:00,0.23839,0.2384,0.23806,0.2383,124302.0,29614.17815
2025-08-14 11:19:00,0.2383,0.23841,0.2383,0.23836,14434.0,3440.46972
2025-08-14 11:20:00,0.23836,0.23844,0.23814,0.23815,57025.0,13587.81541
2025-08-14 11:21:00,0.23815,0.23825,0.2376,0.23761,81230.0,19319.27666
2025-08-14 11:22:00,0.23761,0.23769,0.23691,0.23714,364837.4,86520.887246
2025-08-14 11:23:00,0.23714,0.23759,0.23714,0.23759,129794.0,30807.27613
2025-08-14 11:24:00,0.23759,0.23788,0.23758,0.23767,69876.0,16611.62763
2025-08-14 11:25:00,0.23767,0.238,0.23767,0.23777,109955.0,26146.35618
2025-08-14 11:26:00,0.23777,0.23788,0.23761,0.23761,478587.0,113822.03959
2025-08-14 11:27:00,0.23761,0.23768,0.23752,0.23762,78516.0,18651.52969
2025-08-14 11:28:00,0.23762,0.23775,0.23761,0.23771,69807.0,16591.77545
2025-08-14 11:29:00,0.23771,0.23785,0.23771,0.23773,29131.0,6927.20913
2025-08-14 11:30:00,0.23773,0.23803,0.23747,0.23747,135535.0,32216.6219
2025-08-14 11:31:00,0.23747,0.23747,0.23709,0.23738,109476.0,25979.50801
2025-08-14 11:32:00,0.23738,0.23769,0.23738,0.23758,101488.0,24112.62038
2025-08-14 11:33:00,0.23758,0.23759,0.23738,0.23743,239180.0,56796.01168
2025-08-14 11:34:00,0.23743,0.23774,0.23708,0.23766,173176.0,41125.89897
2025-08-14 11:35:00,0.23766,0.23801,0.23766,0.2378,91037.0,21652.70331
2025-08-14 11:36:00,0.2378,0.23804,0.23778,0.23794,66070.0,15716.6374
2025-08-14 11:37:00,0.23794,0.23797,0.23765,0.2377,71774.0,17065.44933
2025-08-14 11:38:00,0.2377,0.23793,0.23754,0.23775,66606.0,15840.82397
2025-08-14 11:39:00,0.23775,0.23775,0.23741,0.23771,77143.0,18330.14777
2025-08-14 11:40:00,0.23771,0.23807,0.23771,0.23804,36343.0,8646.34463
2025-08-14 11:41:00,0.23804,0.23815,0.238,0.23815,68835.0,16389.74769
2025-08-14 11:42:00,0.23815,0.23815,0.2374,0.23743,135031.0,32085.61199
2025-08-14 11:43:00,0.23743,0.23768,0.23742,0.23767,126198.0,29974.33856
2025-08-14 11:44:00,0.23767,0.23769,0.23737,0.23737,241639.0,57414.52823
2025-08-14 11:45:00,0.23737,0.23772,0.23732,0.23753,78376.0,18618.82839
2025-08-14 11:46:00,0.23753,0.2377,0.2373,0.2377,76587.0,18184.31666
2025-08-14 11:47:00,0.2377,0.23777,0.23701,0.23721,250623.0,59499.78383
2025-08-14 11:48:00,0.23721,0.23759,0.23721,0.23755,89324.0,21209.54362
2025-08-14 11:49:00,0.23755,0.23755,0.23708,0.23727,198866.0,47190.43484
2025-08-14 11:50:00,0.23727,0.23767,0.23727,0.23767,79161.0,18796.46565
2025-08-14 11:51:00,0.23767,0.23775,0.23742,0.23757,42503.0,10096.2206
2025-08-14 11:52:00,0.23757,0.23782,0.23757,0.23765,400002.0,95076.73688
2025-08-14 11:53:00,0.23765,0.23765,0.23729,0.2373,50610.0,12018.9394
2025-08-14 11:54:00,0.2373,0.2376,0.23727,0.2376,487201.0,115673.32146
2025-08-14 11:55:00,0.2376,0.23766,0.23708,0.23766,347380.0,82431.13895
2025-08-14 11:56:00,0.23766,0.23782,0.23766,0.23781,50294.0,11956.4983
2025-08-14 11:57:00,0.23781,0.23793,0.23762,0.23763,231485.0,55042.20169
2025-08-14 11:58:00,0.23763,0.23799,0.23763,0.23799,108230.0,25745.10529
2025-08-14 11:59:00,0.23799,0.23799,0.23779,0.23794,71098.0,16913.9987
2025-08-14 12:00:00,0.23794,0.23795,0.23763,0.23765,874665.0,207962.10407
2025-08-14 12:01:00,0.23765,0.238,0.23761,0.238,55495.0,13195.03282
2025-08-14 12:02:00,0.238,0.23815,0.23799,0.23799,154651.0,36815.92313
2025-08-14 12:03:00,0.23799,0.23843,0.23799,0.23843,267475.0,63718.52413
2025-08-14 12:04:00,0.23843,0.23849,0.23829,0.23849,60217.0,14354.38451
2025-08-14 12:05:00,0.23849,0.23859,0.23813,0.23857,152208.0,36285.11596
2025-08-14 12:06:00,0.23857,0.23878,0.23847,0.23853,108774.3,25959.926115
2025-08-14 12:07:00,0.23853,0.23853,0.23811,0.23836,269480.0,64241.26408
2025-08-14 12:08:00,0.23836,0.23859,0.23822,0.23851,87309.0,20815.28628
2025-08-14 12:09:00,0.23851,0.23859,0.23826,0.2384,80085.0,19088.94824
2025-08-14 12:10:00,0.2384,0.23843,0.23815,0.23826,88465.0,21085.1872
2025-08-14 12:11:00,0.23826,0.23827,0.23788,0.23791,80579.0,19179.1886
2025-08-14 12:12:00,0.23791,0.2383,0.23787,0.23813,235678.0,56134.54834
2025-08-14 12:13:00,0.23813,0.23818,0.23801,0.23812,70549.0,16797.77382
2025-08-14 12:14:00,0.23812,0.23846,0.23812,0.23846,149828.0,35702.95493
2025-08-14 12:15:00,0.23846,0.23872,0.2383,0.23839,164118.0,39148.24655
2025-08-14 12:16:00,0.23839,0.23846,0.23781,0.23814,263851.0,62817.57677
2025-08-14 12:17:00,0.23814,0.23827,0.23742,0.23742,134820.0,32072.84383
2025-08-14 12:18:00,0.23742,0.23766,0.23712,0.23741,192466.4,45706.050286
2025-08-14 12:19:00,0.23741,0.23789,0.23741,0.23774,65074.0,15469.51283
2025-08-14 12:20:00,0.23774,0.23782,0.2372,0.2372,910343.0,216325.68969
2025-08-14 12:21:00,0.2372,0.23764,0.23691,0.23763,287858.0,68285.90519
2025-08-14 12:22:00,0.23763,0.23835,0.23752,0.2383,137794.0,32764.36036
2025-08-14 12:23:00,0.2383,0.23885,0.2383,0.23882,138204.1,32966.561257
2025-08-14 12:24:00,0.23882,0.23905,0.23876,0.23892,245669.9,58690.261054
2025-08-14 12:25:00,0.23892,0.23897,0.23875,0.23894,257184.0,61426.7656
2025-08-14 12:26:00,0.23894,0.23914,0.23854,0.23856,132359.5,31621.004915
2025-08-14 12:27:00,0.23856,0.23896,0.23856,0.23896,49994.0,11933.98176
2025-08-14 12:28:00,0.23896,0.23908,0.23895,0.23905,68568.0,16389.04573
2025-08-14 12:29:00,0.23905,0.2393,0.23895,0.23913,210179.0,50253.659502
2025-08-14 12:30:00,0.23913,0.23918,0.23243,0.2337,14990079.3,3517240.943758
2025-08-14 12:31:00,0.2337,0.23409,0.23185,0.23223,9448159.0,2201207.08048
2025-08-14 12:32:00,0.23223,0.2325,0.2301,0.23021,6847912.2,1582351.902341
2025-08-14 12:33:00,0.23021,0.23109,0.22796,0.22818,7473709.4,1719052.71178
2025-08-14 12:34:00,0.22818,0.22831,0.21334,0.2201,21187346.5,4682504.316488
2025-08-14 12:35:00,0.2201,0.22425,0.21853,0.22391,9490973.6,2092997.209053
2025-08-14 12:36:00,0.22391,0.2258,0.22286,0.22537,3414998.8,765317.016471
2025-08-14 12:37:00,0.22537,0.22667,0.22511,0.22577,2228149.5,503445.760419
2025-08-14 12:38:00,0.22577,0.22666,0.2249,0.22554,1545243.7,348824.433262
2025-08-14 12:39:00,0.22554,0.2261,0.22378,0.2242,2062013.0,464262.762314
2025-08-14 12:40:00,0.2242,0.22738,0.22348,0.22689,2511488.2,566108.591202
2025-08-14 12:41:00,0.22689,0.22756,0.22658,0.22722,920476.0,209045.244034
2025-08-14 12:42:00,0.22722,0.22786,0.22716,0.22773,616694.2,140309.852145
2025-08-14 12:43:00,0.22773,0.22895,0.22773,0.22882,586258.6,133974.908373
2025-08-14 12:44:00,0.22882,0.22932,0.22796,0.22833,1622905.9,371010.34792
2025-08-14 12:45:00,0.22833,0.22851,0.22716,0.22791,1236629.0,281804.695396
2025-08-14 12:46:00,0.22791,0.22809,0.22706,0.22743,801706.4,182465.551928
2025-08-14 12:47:00,0.22743,0.22792,0.227,0.22727,511157.0,116238.81001
2025-08-14 12:48:00,0.22727,0.22766,0.22673,0.22677,922428.5,209593.817516
2025-08-14 12:49:00,0.22677,0.22736,0.22598,0.227,674628.0,152778.123667
2025-08-14 12:50:00,0.227,0.22743,0.22672,0.22717,332916.0,75617.15216
2025-08-14 12:51:00,0.22717,0.22829,0.22713,0.22821,594956.4,135495.214382
2025-08-14 12:52:00,0.22821,0.2284,0.22772,0.22772,446572.7,101900.611683
2025-08-14 12:53:00,0.22772,0.22793,0.2265,0.22653,544306.8,123670.099056
2025-08-14 12:54:00,0.22653,0.22701,0.2265,0.22656,469633.0,106492.45004
2025-08-14 12:55:00,0.22656,0.227,0.22652,0.22677,476888.0,108151.055
2025-08-14 12:56:00,0.22677,0.22682,0.22537,0.22546,829479.9,187561.208631
2025-08-14 12:57:00,0.22546,0.22607,0.22511,0.22591,1440221.4,324684.722742
2025-08-14 12:58:00,0.22591,0.22712,0.22591,0.22634,273340.0,61929.267666
2025-08-14 12:59:00,0.22634,0.22665,0.2259,0.22613,304006.0,68800.0211
2025-08-14 13:00:00,0.22613,0.22631,0.22498,0.22509,1139747.7,256969.491041
2025-08-14 13:01:00,0.22509,0.22575,0.22436,0.22513,1770547.8,398335.718881
2025-08-14 13:02:00,0.22513,0.22594,0.22443,0.22539,1114899.0,251114.05346
2025-08-14 13:03:00,0.22539,0.22542,0.22433,0.22439,839714.7,188918.946781
2025-08-14 13:04:00,0.22439,0.22441,0.22211,0.22225,3275566.2,731269.1104
2025-08-14 13:05:00,0.22225,0.22444,0.22131,0.22394,3751281.2,834464.551105
2025-08-14 13:06:00,0.22394,0.22547,0.22381,0.2253,1868483.2,419794.999198
2025-08-14 13:07:00,0.2253,0.22612,0.22504,0.22601,1416768.4,319792.113347
2025-08-14 13:08:00,0.22601,0.22664,0.22595,0.22621,1076487.6,243660.816894
2025-08-14 13:09:00,0.22621,0.22674,0.22621,0.22659,535830.1,121429.389525
2025-08-14 13:10:00,0.22659,0.22709,0.22616,0.22699,448381.3,101657.85208
2025-08-14 13:11:00,0.22699,0.22756,0.22697,0.22752,475653.2,108153.16854
2025-08-14 13:12:00,0.22752,0.22791,0.22749,0.22773,708122.1,161227.972071
2025-08-14 13:13:00,0.22773,0.22789,0.22743,0.2277,798641.0,181867.21094
2025-08-14 13:14:00,0.2277,0.22819,0.2277,0.22818,659681.9,150380.285195
2025-08-14 13:15:00,0.22818,0.22823,0.22665,0.22699,968465.3,220322.641003
2025-08-14 13:16:00,0.22699,0.22738,0.22624,0.22627,498814.0,113051.59669
2025-08-14 13:17:00,0.22627,0.22664,0.2258,0.2263,1101081.3,249142.837505
2025-08-14 13:18:00,0.2263,0.227,0.22606,0.22623,629899.0,142723.08263
2025-08-14 13:19:00,0.22623,0.22671,0.22614,0.22624,454263.0,102851.75199
2025-08-14 13:20:00,0.22624,0.22696,0.22621,0.22655,494835.0,112134.02548
2025-08-14 13:21:00,0.22655,0.22718,0.22645,0.22645,141122.0,32003.71019
2025-08-14 13:22:00,0.22645,0.22663,0.22575,0.22584,270145.0,61076.37883
2025-08-14 13:23:00,0.22584,0.22588,0.22426,0.22434,433359.4,97546.766168
2025-08-14 13:24:00,0.22434,0.22588,0.2241,0.22534,481936.3,108537.916937
2025-08-14 13:25:00,0.22534,0.22625,0.22526,0.22583,344092.9,77624.031083
2025-08-14 13:26:00,0.22583,0.22632,0.22539,0.22596,228306.4,51510.02701
2025-08-14 13:27:00,0.22596,0.22619,0.22503,0.22509,314575.0,70963.10153
2025-08-14 13:28:00,0.22509,0.22574,0.22504,0.22568,200265.0,45155.66616
2025-08-14 13:29:00,0.22568,0.22592,0.22544,0.22557,201638.0,45489.21093
2025-08-14 13:30:00,0.22557,0.22595,0.22505,0.22505,251395.0,56731.80027
2025-08-14 13:31:00,0.22505,0.22624,0.22457,0.22561,402043.0,90640.40116
2025-08-14 13:32:00,0.22561,0.22724,0.2256,0.22721,1067769.7,242169.088674
2025-08-14 13:33:00,0.22721,0.22726,0.22604,0.22604,563547.3,127749.799355
2025-08-14 13:34:00,0.22604,0.22648,0.22582,0.22635,407789.0,92206.6879
2025-08-14 13:35:00,0.22635,0.22643,0.22578,0.22622,339779.0,76841.14629
2025-08-14 13:36:00,0.22622,0.22729,0.22609,0.22718,322173.9,73083.652702
2025-08-14 13:37:00,0.22718,0.22746,0.22674,0.22676,454305.6,103198.350368
2025-08-14 13:38:00,0.22676,0.22695,0.22622,0.22632,414292.0,93923.02247
2025-08-14 13:39:00,0.22632,0.22633,0.2259,0.22605,370952.0,83868.66636
2025-08-14 13:40:00,0.22605,0.22617,0.22532,0.22543,377869.0,85282.687157
2025-08-14 13:41:00,0.22543,0.226,0.22502,0.22522,408229.0,92051.88795
2025-08-14 13:42:00,0.22522,0.22589,0.22517,0.22567,547794.0,123627.06191
2025-08-14 13:43:00,0.22567,0.22597,0.22536,0.22547,415742.0,93831.05997
2025-08-14 13:44:00,0.22547,0.22651,0.22547,0.22651,375096.3,84742.730002
2025-08-14 13:45:00,0.22651,0.2269,0.22614,0.22685,246437.0,55827.243093
2025-08-14 13:46:00,0.22685,0.22688,0.22649,0.22656,158035.0,35818.21617
2025-08-14 13:47:00,0.22656,0.22716,0.22656,0.22712,309236.0,70193.87654
2025-08-14 13:48:00,0.22712,0.22765,0.22708,0.22734,528695.4,120202.94925
2025-08-14 13:49:00,0.22734,0.22745,0.22703,0.22712,457626.0,103955.32759
2025-08-14 13:50:00,0.22712,0.22712,0.22636,0.2271,524861.4,118982.371776
2025-08-14 13:51:00,0.2271,0.22779,0.22702,0.22779,287433.3,65380.770544
2025-08-14 13:52:00,0.22779,0.22833,0.22773,0.22833,349203.5,79633.251995
2025-08-14 13:53:00,0.22833,0.22855,0.22776,0.22798,1276112.4,291094.048152
2025-08-14 13:54:00,0.22798,0.22829,0.22798,0.22809,272686.0,62222.14613
2025-08-14 13:55:00,0.22809,0.22809,0.22716,0.22737,464041.0,105638.868
2025-08-14 13:56:00,0.22737,0.22749,0.22658,0.22669,995815.8,226146.972186
2025-08-14 13:57:00,0.22669,0.22704,0.22669,0.22671,448676.0,101801.66589
2025-08-14 13:58:00,0.22671,0.22711,0.22658,0.2267,472032.0,107047.90583
2025-08-14 13:59:00,0.2267,0.22678,0.22631,0.22654,130102.4,29461.650456
2025-08-14 14:00:00,0.22654,0.22677,0.22629,0.2267,191960.5,43488.7759
2025-08-14 14:01:00,0.2267,0.22694,0.22658,0.22683,205036.0,46485.05909
2025-08-14 14:02:00,0.22683,0.22687,0.22625,0.22625,351795.0,79711.85455
2025-08-14 14:03:00,0.22625,0.22636,0.22573,0.22629,474962.2,107331.223342
2025-08-14 14:04:00,0.22629,0.22669,0.22585,0.22615,412587.0,93368.14695
2025-08-14 14:05:00,0.22615,0.22643,0.22582,0.22582,312045.0,70568.8705
2025-08-14 14:06:00,0.22582,0.22602,0.22553,0.22587,369962.7,83537.26136
2025-08-14 14:07:00,0.22587,0.2263,0.22586,0.22588,310584.0,70220.92909
2025-08-14 14:08:00,0.22588,0.2266,0.22587,0.2261,185720.0,42009.11079
2025-08-14 14:09:00,0.2261,0.22626,0.22597,0.22615,157960.0,35717.48974
2025-08-14 14:10:00,0.22615,0.22637,0.22584,0.22584,224989.0,50867.10263
2025-08-14 14:11:00,0.22584,0.22602,0.22563,0.22594,179047.0,40423.99227
2025-08-14 14:12:00,0.22594,0.22636,0.22577,0.22581,146829.0,33201.28161
2025-08-14 14:13:00,0.22581,0.22592,0.2255,0.22574,101488.0,22910.99763
2025-08-14 14:14:00,0.22574,0.22618,0.22574,0.22591,222158.0,50193.02639
2025-08-14 14:15:00,0.22591,0.22628,0.22588,0.22617,114542.0,25900.21865
2025-08-14 14:16:00,0.22617,0.22693,0.22617,0.22675,308529.0,69909.47884
2025-08-14 14:17:00,0.22675,0.22716,0.22664,0.22713,119668.0,27153.68317
2025-08-14 14:18:00,0.22713,0.22727,0.22694,0.22721,627964.0,142609.206145
2025-08-14 14:19:00,0.22721,0.22752,0.2271,0.22745,419408.0,95358.19603
2025-08-14 14:20:00,0.22745,0.22745,0.2267,0.2269,653870.0,148418.75329
2025-08-14 14:21:00,0.2269,0.22734,0.2269,0.22731,466330.0,105889.91585
2025-08-14 14:22:00,0.22731,0.22731,0.22664,0.22685,172960.0,39246.7332
2025-08-14 14:23:00,0.22685,0.22711,0.2268,0.22695,283791.0,64411.88589
2025-08-14 14:24:00,0.22695,0.22725,0.22695,0.22699,166639.0,37835.73141
2025-08-14 14:25:00,0.22699,0.22711,0.22685,0.22695,215738.0,48964.58974
2025-08-14 14:26:00,0.22695,0.22753,0.22695,0.22748,154523.0,35098.07405
2025-08-14 14:27:00,0.22748,0.22804,0.22735,0.22788,962859.5,219441.531477
2025-08-14 14:28:00,0.22788,0.22833,0.22788,0.22833,263061.2,60039.619536
2025-08-14 14:29:00,0.22833,0.22836,0.22792,0.22823,263776.0,60190.41306
2025-08-14 14:30:00,0.22823,0.22839,0.22792,0.22836,574354.0,131030.46604
2025-08-14 14:31:00,0.22836,0.22894,0.22836,0.22894,527151.2,120538.32838
2025-08-14 14:32:00,0.22894,0.22936,0.22863,0.22906,849442.3,194547.122744
2025-08-14 14:33:00,0.22906,0.22921,0.22887,0.22903,697592.0,159756.26373
